{"_type": "tag", "name": "a", "path": "c:\\Users\\vanch\\OneDrive\\Documents\\MyProgramming\\220413. ctag\\ENVIRON\\source\\a.c", "pattern": "/^int a;$/", "language": "C", "line": 2, "typeref": "typename:int", "kind": "variable", "roles": "def", "end": 2}
{"_type": "tag", "name": "a", "path": "c:\\Users\\vanch\\OneDrive\\Documents\\MyProgramming\\220413. ctag\\ENVIRON\\source\\asdf\\c.c", "pattern": "/^int a;/", "language": "C", "line": 2, "typeref": "typename:int", "kind": "variable", "roles": "def", "end": 2}
{"_type": "tag", "name": "asfasdfsadf", "path": "c:\\Users\\vanch\\OneDrive\\Documents\\MyProgramming\\220413. ctag\\ENVIRON\\source\\a.c", "pattern": "/^asfasdfsadf();$/", "file": true, "language": "C", "line": 3, "kind": "prototype", "signature": "()", "roles": "def", "extras": "fileScope", "end": 3}
{"_type": "tag", "name": "b", "path": "c:\\Users\\vanch\\OneDrive\\Documents\\MyProgramming\\220413. ctag\\ENVIRON\\source\\b.c", "pattern": "/^extern int b;$/", "language": "C", "line": 2, "typeref": "typename:int", "kind": "externvar", "roles": "def", "end": 2}
{"_type": "tag", "name": "func1", "path": "c:\\Users\\vanch\\OneDrive\\Documents\\MyProgramming\\220413. ctag\\ENVIRON\\source\\a.c", "pattern": "/^int func1();$/", "file": true, "language": "C", "line": 1, "typeref": "typename:int", "kind": "prototype", "signature": "()", "roles": "def", "extras": "fileScope", "end": 1}
{"_type": "tag", "name": "func1", "path": "c:\\Users\\vanch\\OneDrive\\Documents\\MyProgramming\\220413. ctag\\ENVIRON\\source\\a.c", "pattern": "/^int func1(){$/", "language": "C", "line": 4, "typeref": "typename:int", "kind": "function", "signature": "()", "roles": "def", "end": 6}
{"_type": "tag", "name": "func1a", "path": "c:\\Users\\vanch\\OneDrive\\Documents\\MyProgramming\\220413. ctag\\ENVIRON\\source\\b.c", "pattern": "/^extern int func1a();$/", "file": true, "language": "C", "line": 1, "typeref": "typename:int", "kind": "prototype", "signature": "()", "roles": "def", "extras": "fileScope", "end": 1}
{"_type": "tag", "name": "func2", "path": "c:\\Users\\vanch\\OneDrive\\Documents\\MyProgramming\\220413. ctag\\ENVIRON\\source\\b.c", "pattern": "/^int func2(){$/", "language": "C", "line": 3, "typeref": "typename:int", "kind": "function", "signature": "()", "roles": "def", "end": 5}
{"_type": "tag", "name": "hoge", "path": "c:\\Users\\vanch\\OneDrive\\Documents\\MyProgramming\\220413. ctag\\ENVIRON\\source\\asdf\\c.c", "pattern": "/^extern double hoge;$/", "language": "C", "line": 1, "typeref": "typename:double", "kind": "externvar", "roles": "def", "end": 1}
